[{"id":"effect_immunity","name":"Иммунитет к эффектам","type":"passive"},{"id":"disarm","name":"Разоружение","type":"active"},{"id":"rush","name":"Рывок","type":"active"},{"id":"reactive_armor","name":"Реактивная броня","type":"passive"},{"id":"untouchable","name":"Неприкасаемый","type":"passive"},{"id":"kraken_shell","name":"Панцирь кракена","type":"passive"},{"id":"evasion","name":"Уклонение","type":"passive"},{"id":"blink","name":"Блинк","type":"active"},{"id":"reflection","name":"Рефлекшн","type":"active"},{"id":"hus","name":"Хус","type":"passive"},{"id":"healer_aura","name":"Аура лечения","type":"passive"},{"id":"aggro","name":"Агрро","type":"active"}]
