[
  {"inputs":[{"id":"TA1","level":1},{"id":"PA1","level":1},{"id":"NI1","level":1}],"output_id":"TOWER_SILVER"},
  {"inputs":[{"id":"PA1","level":1},{"id":"PE1","level":1},{"id":"PO2","level":2}],"output_id":"TOWER_MALACHITE"},
  {"inputs":[{"id":"PE2","level":2},{"id":"DE1","level":1},{"id":"NU1","level":1}],"output_id":"TOWER_VOLCANO"},
  {"inputs":[{"id":"TO1","level":1},{"id":"DE1","level":1},{"id":"PO1","level":1}],"output_id":"TOWER_LIGHTHOUSE"},
  {"inputs":[{"id":"TE2","level":2},{"id":"NI2","level":2},{"id":"NU2","level":2}],"output_id":"TOWER_JADE"},{"inputs":[{"id":"TOWER_SILVER","level":2},{"id":"TA2","level":2},{"id":"PA2","level":2}],"output_id":"TOWER_SILVER_KNIGHT"},{"inputs":[{"id":"TOWER_MALACHITE","level":2},{"id":"PA2","level":2},{"id":"PO2","level":2}],"output_id":"TOWER_VIVID_MALACHITE"},{"inputs":[{"id":"TOWER_VOLCANO","level":2},{"id":"PE3","level":3},{"id":"DE2","level":2}],"output_id":"TOWER_RUBY"},{"inputs":[{"id":"NE1","level":1},{"id":"NA1","level":1},{"id":"NI2","level":2}],"output_id":"TOWER_GOLD"},{"inputs":[{"id":"DA1","level":1},{"id":"NU1","level":1},{"id":"PA1","level":1}],"output_id":"TOWER_LIBRA"},{"inputs":[{"id":"NE1","level":1},{"id":"PO1","level":1},{"id":"TO1","level":1}],"output_id":"TOWER_GRUSS"},{"inputs":[{"id":"TA1","level":1},{"id":"PE1","level":1},{"id":"NA1","level":1}],"output_id":"TOWER_QUARTZ"},
  {"inputs":[{"id":"DA2","level":2},{"id":"TE1","level":1},{"id":"NA1","level":1}],"output_id":"TOWER_EMERALD"},
  {"inputs":[{"id":"TA1","level":1},{"id":"TA1","level":1}],"output_id":"TA2","selection_only":true},
  {"inputs":[{"id":"TA2","level":2},{"id":"TA2","level":2}],"output_id":"TA3","selection_only":true},
  {"inputs":[{"id":"TA3","level":3},{"id":"TA3","level":3}],"output_id":"TA4","selection_only":true},
  {"inputs":[{"id":"TA4","level":4},{"id":"TA4","level":4}],"output_id":"TA5","selection_only":true},
  {"inputs":[{"id":"TA5","level":5},{"id":"TA5","level":5}],"output_id":"TA6","selection_only":true},
  {"inputs":[{"id":"TE1","level":1},{"id":"TE1","level":1}],"output_id":"TE2","selection_only":true},
  {"inputs":[{"id":"TE2","level":2},{"id":"TE2","level":2}],"output_id":"TE3","selection_only":true},
  {"inputs":[{"id":"TE3","level":3},{"id":"TE3","level":3}],"output_id":"TE4","selection_only":true},
  {"inputs":[{"id":"TE4","level":4},{"id":"TE4","level":4}],"output_id":"TE5","selection_only":true},
  {"inputs":[{"id":"TE5","level":5},{"id":"TE5","level":5}],"output_id":"TE6","selection_only":true},
  {"inputs":[{"id":"TO1","level":1},{"id":"TO1","level":1}],"output_id":"TO2","selection_only":true},
  {"inputs":[{"id":"TO2","level":2},{"id":"TO2","level":2}],"output_id":"TO3","selection_only":true},
  {"inputs":[{"id":"TO3","level":3},{"id":"TO3","level":3}],"output_id":"TO4","selection_only":true},
  {"inputs":[{"id":"TO4","level":4},{"id":"TO4","level":4}],"output_id":"TO5","selection_only":true},
  {"inputs":[{"id":"TO5","level":5},{"id":"TO5","level":5}],"output_id":"TO6","selection_only":true},
  {"inputs":[{"id":"PA1","level":1},{"id":"PA1","level":1}],"output_id":"PA2","selection_only":true},
  {"inputs":[{"id":"PA2","level":2},{"id":"PA2","level":2}],"output_id":"PA3","selection_only":true},
  {"inputs":[{"id":"PA3","level":3},{"id":"PA3","level":3}],"output_id":"PA4","selection_only":true},
  {"inputs":[{"id":"PA4","level":4},{"id":"PA4","level":4}],"output_id":"PA5","selection_only":true},
  {"inputs":[{"id":"PA5","level":5},{"id":"PA5","level":5}],"output_id":"PA6","selection_only":true},
  {"inputs":[{"id":"PE1","level":1},{"id":"PE1","level":1}],"output_id":"PE2","selection_only":true},
  {"inputs":[{"id":"PE2","level":2},{"id":"PE2","level":2}],"output_id":"PE3","selection_only":true},
  {"inputs":[{"id":"PE3","level":3},{"id":"PE3","level":3}],"output_id":"PE4","selection_only":true},
  {"inputs":[{"id":"PE4","level":4},{"id":"PE4","level":4}],"output_id":"PE5","selection_only":true},
  {"inputs":[{"id":"PE5","level":5},{"id":"PE5","level":5}],"output_id":"PE6","selection_only":true},
  {"inputs":[{"id":"PO1","level":1},{"id":"PO1","level":1}],"output_id":"PO2","selection_only":true},
  {"inputs":[{"id":"PO2","level":2},{"id":"PO2","level":2}],"output_id":"PO3","selection_only":true},
  {"inputs":[{"id":"PO3","level":3},{"id":"PO3","level":3}],"output_id":"PO4","selection_only":true},
  {"inputs":[{"id":"PO4","level":4},{"id":"PO4","level":4}],"output_id":"PO5","selection_only":true},
  {"inputs":[{"id":"PO5","level":5},{"id":"PO5","level":5}],"output_id":"PO6","selection_only":true},
  {"inputs":[{"id":"DE1","level":1},{"id":"DE1","level":1}],"output_id":"DE2","selection_only":true},
  {"inputs":[{"id":"DE2","level":2},{"id":"DE2","level":2}],"output_id":"DE3","selection_only":true},
  {"inputs":[{"id":"DE3","level":3},{"id":"DE3","level":3}],"output_id":"DE4","selection_only":true},
  {"inputs":[{"id":"DE4","level":4},{"id":"DE4","level":4}],"output_id":"DE5","selection_only":true},
  {"inputs":[{"id":"DE5","level":5},{"id":"DE5","level":5}],"output_id":"DE6","selection_only":true},
  {"inputs":[{"id":"DA1","level":1},{"id":"DA1","level":1}],"output_id":"DA2","selection_only":true},
  {"inputs":[{"id":"DA2","level":2},{"id":"DA2","level":2}],"output_id":"DA3","selection_only":true},
  {"inputs":[{"id":"DA3","level":3},{"id":"DA3","level":3}],"output_id":"DA4","selection_only":true},
  {"inputs":[{"id":"DA4","level":4},{"id":"DA4","level":4}],"output_id":"DA5","selection_only":true},
  {"inputs":[{"id":"DA5","level":5},{"id":"DA5","level":5}],"output_id":"DA6","selection_only":true},
  {"inputs":[{"id":"NI1","level":1},{"id":"NI1","level":1}],"output_id":"NI2","selection_only":true},
  {"inputs":[{"id":"NI2","level":2},{"id":"NI2","level":2}],"output_id":"NI3","selection_only":true},
  {"inputs":[{"id":"NI3","level":3},{"id":"NI3","level":3}],"output_id":"NI4","selection_only":true},
  {"inputs":[{"id":"NI4","level":4},{"id":"NI4","level":4}],"output_id":"NI5","selection_only":true},
  {"inputs":[{"id":"NI5","level":5},{"id":"NI5","level":5}],"output_id":"NI6","selection_only":true},
  {"inputs":[{"id":"NU1","level":1},{"id":"NU1","level":1}],"output_id":"NU2","selection_only":true},
  {"inputs":[{"id":"NU2","level":2},{"id":"NU2","level":2}],"output_id":"NU3","selection_only":true},
  {"inputs":[{"id":"NU3","level":3},{"id":"NU3","level":3}],"output_id":"NU4","selection_only":true},
  {"inputs":[{"id":"NU4","level":4},{"id":"NU4","level":4}],"output_id":"NU5","selection_only":true},
  {"inputs":[{"id":"NU5","level":5},{"id":"NU5","level":5}],"output_id":"NU6","selection_only":true},
  {"inputs":[{"id":"NA1","level":1},{"id":"NA1","level":1}],"output_id":"NA2","selection_only":true},
  {"inputs":[{"id":"NA2","level":2},{"id":"NA2","level":2}],"output_id":"NA3","selection_only":true},
  {"inputs":[{"id":"NA3","level":3},{"id":"NA3","level":3}],"output_id":"NA4","selection_only":true},
  {"inputs":[{"id":"NA4","level":4},{"id":"NA4","level":4}],"output_id":"NA5","selection_only":true},
  {"inputs":[{"id":"NA5","level":5},{"id":"NA5","level":5}],"output_id":"NA6","selection_only":true},
  {"inputs":[{"id":"NE1","level":1},{"id":"NE1","level":1}],"output_id":"NE2","selection_only":true},
  {"inputs":[{"id":"NE2","level":2},{"id":"NE2","level":2}],"output_id":"NE3","selection_only":true},
  {"inputs":[{"id":"NE3","level":3},{"id":"NE3","level":3}],"output_id":"NE4","selection_only":true},
  {"inputs":[{"id":"NE4","level":4},{"id":"NE4","level":4}],"output_id":"NE5","selection_only":true},
  {"inputs":[{"id":"NE5","level":5},{"id":"NE5","level":5}],"output_id":"NE6","selection_only":true},
  {"inputs":[{"id":"TA1","level":1},{"id":"TA1","level":1},{"id":"TA1","level":1},{"id":"TA1","level":1}],"output_id":"TA3","selection_only":true},
  {"inputs":[{"id":"TA2","level":2},{"id":"TA2","level":2},{"id":"TA2","level":2},{"id":"TA2","level":2}],"output_id":"TA4","selection_only":true},
  {"inputs":[{"id":"TA3","level":3},{"id":"TA3","level":3},{"id":"TA3","level":3},{"id":"TA3","level":3}],"output_id":"TA5","selection_only":true},
  {"inputs":[{"id":"TA4","level":4},{"id":"TA4","level":4},{"id":"TA4","level":4},{"id":"TA4","level":4}],"output_id":"TA6","selection_only":true},
  {"inputs":[{"id":"TE1","level":1},{"id":"TE1","level":1},{"id":"TE1","level":1},{"id":"TE1","level":1}],"output_id":"TE3","selection_only":true},
  {"inputs":[{"id":"TE2","level":2},{"id":"TE2","level":2},{"id":"TE2","level":2},{"id":"TE2","level":2}],"output_id":"TE4","selection_only":true},
  {"inputs":[{"id":"TE3","level":3},{"id":"TE3","level":3},{"id":"TE3","level":3},{"id":"TE3","level":3}],"output_id":"TE5","selection_only":true},
  {"inputs":[{"id":"TE4","level":4},{"id":"TE4","level":4},{"id":"TE4","level":4},{"id":"TE4","level":4}],"output_id":"TE6","selection_only":true},
  {"inputs":[{"id":"TO1","level":1},{"id":"TO1","level":1},{"id":"TO1","level":1},{"id":"TO1","level":1}],"output_id":"TO3","selection_only":true},
  {"inputs":[{"id":"TO2","level":2},{"id":"TO2","level":2},{"id":"TO2","level":2},{"id":"TO2","level":2}],"output_id":"TO4","selection_only":true},
  {"inputs":[{"id":"TO3","level":3},{"id":"TO3","level":3},{"id":"TO3","level":3},{"id":"TO3","level":3}],"output_id":"TO5","selection_only":true},
  {"inputs":[{"id":"TO4","level":4},{"id":"TO4","level":4},{"id":"TO4","level":4},{"id":"TO4","level":4}],"output_id":"TO6","selection_only":true},
  {"inputs":[{"id":"PA1","level":1},{"id":"PA1","level":1},{"id":"PA1","level":1},{"id":"PA1","level":1}],"output_id":"PA3","selection_only":true},
  {"inputs":[{"id":"PA2","level":2},{"id":"PA2","level":2},{"id":"PA2","level":2},{"id":"PA2","level":2}],"output_id":"PA4","selection_only":true},
  {"inputs":[{"id":"PA3","level":3},{"id":"PA3","level":3},{"id":"PA3","level":3},{"id":"PA3","level":3}],"output_id":"PA5","selection_only":true},
  {"inputs":[{"id":"PA4","level":4},{"id":"PA4","level":4},{"id":"PA4","level":4},{"id":"PA4","level":4}],"output_id":"PA6","selection_only":true},
  {"inputs":[{"id":"PE1","level":1},{"id":"PE1","level":1},{"id":"PE1","level":1},{"id":"PE1","level":1}],"output_id":"PE3","selection_only":true},
  {"inputs":[{"id":"PE2","level":2},{"id":"PE2","level":2},{"id":"PE2","level":2},{"id":"PE2","level":2}],"output_id":"PE4","selection_only":true},
  {"inputs":[{"id":"PE3","level":3},{"id":"PE3","level":3},{"id":"PE3","level":3},{"id":"PE3","level":3}],"output_id":"PE5","selection_only":true},
  {"inputs":[{"id":"PE4","level":4},{"id":"PE4","level":4},{"id":"PE4","level":4},{"id":"PE4","level":4}],"output_id":"PE6","selection_only":true},
  {"inputs":[{"id":"PO1","level":1},{"id":"PO1","level":1},{"id":"PO1","level":1},{"id":"PO1","level":1}],"output_id":"PO3","selection_only":true},
  {"inputs":[{"id":"PO2","level":2},{"id":"PO2","level":2},{"id":"PO2","level":2},{"id":"PO2","level":2}],"output_id":"PO4","selection_only":true},
  {"inputs":[{"id":"PO3","level":3},{"id":"PO3","level":3},{"id":"PO3","level":3},{"id":"PO3","level":3}],"output_id":"PO5","selection_only":true},
  {"inputs":[{"id":"PO4","level":4},{"id":"PO4","level":4},{"id":"PO4","level":4},{"id":"PO4","level":4}],"output_id":"PO6","selection_only":true},
  {"inputs":[{"id":"DE1","level":1},{"id":"DE1","level":1},{"id":"DE1","level":1},{"id":"DE1","level":1}],"output_id":"DE3","selection_only":true},
  {"inputs":[{"id":"DE2","level":2},{"id":"DE2","level":2},{"id":"DE2","level":2},{"id":"DE2","level":2}],"output_id":"DE4","selection_only":true},
  {"inputs":[{"id":"DE3","level":3},{"id":"DE3","level":3},{"id":"DE3","level":3},{"id":"DE3","level":3}],"output_id":"DE5","selection_only":true},
  {"inputs":[{"id":"DE4","level":4},{"id":"DE4","level":4},{"id":"DE4","level":4},{"id":"DE4","level":4}],"output_id":"DE6","selection_only":true},
  {"inputs":[{"id":"DA1","level":1},{"id":"DA1","level":1},{"id":"DA1","level":1},{"id":"DA1","level":1}],"output_id":"DA3","selection_only":true},
  {"inputs":[{"id":"DA2","level":2},{"id":"DA2","level":2},{"id":"DA2","level":2},{"id":"DA2","level":2}],"output_id":"DA4","selection_only":true},
  {"inputs":[{"id":"DA3","level":3},{"id":"DA3","level":3},{"id":"DA3","level":3},{"id":"DA3","level":3}],"output_id":"DA5","selection_only":true},
  {"inputs":[{"id":"DA4","level":4},{"id":"DA4","level":4},{"id":"DA4","level":4},{"id":"DA4","level":4}],"output_id":"DA6","selection_only":true},
  {"inputs":[{"id":"NI1","level":1},{"id":"NI1","level":1},{"id":"NI1","level":1},{"id":"NI1","level":1}],"output_id":"NI3","selection_only":true},
  {"inputs":[{"id":"NI2","level":2},{"id":"NI2","level":2},{"id":"NI2","level":2},{"id":"NI2","level":2}],"output_id":"NI4","selection_only":true},
  {"inputs":[{"id":"NI3","level":3},{"id":"NI3","level":3},{"id":"NI3","level":3},{"id":"NI3","level":3}],"output_id":"NI5","selection_only":true},
  {"inputs":[{"id":"NI4","level":4},{"id":"NI4","level":4},{"id":"NI4","level":4},{"id":"NI4","level":4}],"output_id":"NI6","selection_only":true},
  {"inputs":[{"id":"NU1","level":1},{"id":"NU1","level":1},{"id":"NU1","level":1},{"id":"NU1","level":1}],"output_id":"NU3","selection_only":true},
  {"inputs":[{"id":"NU2","level":2},{"id":"NU2","level":2},{"id":"NU2","level":2},{"id":"NU2","level":2}],"output_id":"NU4","selection_only":true},
  {"inputs":[{"id":"NU3","level":3},{"id":"NU3","level":3},{"id":"NU3","level":3},{"id":"NU3","level":3}],"output_id":"NU5","selection_only":true},
  {"inputs":[{"id":"NU4","level":4},{"id":"NU4","level":4},{"id":"NU4","level":4},{"id":"NU4","level":4}],"output_id":"NU6","selection_only":true},
  {"inputs":[{"id":"NA1","level":1},{"id":"NA1","level":1},{"id":"NA1","level":1},{"id":"NA1","level":1}],"output_id":"NA3","selection_only":true},
  {"inputs":[{"id":"NA2","level":2},{"id":"NA2","level":2},{"id":"NA2","level":2},{"id":"NA2","level":2}],"output_id":"NA4","selection_only":true},
  {"inputs":[{"id":"NA3","level":3},{"id":"NA3","level":3},{"id":"NA3","level":3},{"id":"NA3","level":3}],"output_id":"NA5","selection_only":true},
  {"inputs":[{"id":"NA4","level":4},{"id":"NA4","level":4},{"id":"NA4","level":4},{"id":"NA4","level":4}],"output_id":"NA6","selection_only":true},
  {"inputs":[{"id":"NE1","level":1},{"id":"NE1","level":1},{"id":"NE1","level":1},{"id":"NE1","level":1}],"output_id":"NE3","selection_only":true},
  {"inputs":[{"id":"NE2","level":2},{"id":"NE2","level":2},{"id":"NE2","level":2},{"id":"NE2","level":2}],"output_id":"NE4","selection_only":true},
  {"inputs":[{"id":"NE3","level":3},{"id":"NE3","level":3},{"id":"NE3","level":3},{"id":"NE3","level":3}],"output_id":"NE5","selection_only":true},
  {"inputs":[{"id":"NE4","level":4},{"id":"NE4","level":4},{"id":"NE4","level":4},{"id":"NE4","level":4}],"output_id":"NE6","selection_only":true}
]
