{"waves":[{"wave_number":1,"enemy_id":"ENEMY_NORMAL_WEAK","count":5,"spawn_interval":0.8},{"wave_number":2,"enemy_id":"ENEMY_NORMAL_WEAK_2","count":7,"spawn_interval":0.8,"health_multiplier":1.4},{"wave_number":3,"enemy_id":"ENEMY_NORMAL_WEAK","count":9,"spawn_interval":0.8,"health_multiplier":1.7},{"wave_number":4,"enemy_id":"ENEMY_TOUGH","count":9,"spawn_interval":1,"regen":0.4,"health_override":221,"health_multiplier":1.0,"speed_multiplier":1.2},{"wave_number":5,"enemy_id":"ENEMY_NORMAL","count":10,"spawn_interval":0.8},{"wave_number":6,"enemy_id":"ENEMY_MAGIC_RESIST","count":12,"spawn_interval":0.75,"regen":0.6},{"wave_number":7,"enemy_id":"ENEMY_PHYSICAL_RESIST","count":11,"spawn_interval":0.75,"health_multiplier":2.184},{"wave_number":8,"enemy_id":"ENEMY_FAST","count":15,"spawn_interval":0.5,"regen":0.3,"health_override":110,"health_multiplier":1.0},{"wave_number":9,"enemy_id":"ENEMY_NORMAL_WEAK_2","count":30,"spawn_interval":0.4,"regen":0.7,"health_multiplier":6.4,"physical_armor_bonus":3,"magical_armor_bonus":2,"evasion_chance":0.2,"abilities":["evasion"]},{"wave_number":10,"enemy_id":"ENEMY_BOSS","count":1,"spawn_interval":1,"regen":0.8,"health_multiplier":1.346},{"wave_number":11,"enemy_id":"ENEMY_NORMAL_WEAK_2","count":20,"spawn_interval":0.75,"health_multiplier":3.9,"evasion_chance":0.25,"abilities":["evasion"]},{"wave_number":12,"enemy_id":"ENEMY_PHYSICAL_RESIST","count":10,"spawn_interval":0.75,"regen":3,"abilities":["effect_immunity"],"health_multiplier":2.475},{"wave_number":13,"enemy_id":"ENEMY_FAST","count":15,"spawn_interval":0.5,"regen":2,"health_multiplier":1.69},{"wave_number":14,"enemy_id":"ENEMY_TOUGH_2","count":22,"spawn_interval":0.4,"health_multiplier":4.8,"abilities":["blink"]},{"wave_number":15,"enemy_id":"ENEMY_FLYING_WEAK","count":12,"spawn_interval":0.6,"regen":6,"health_multiplier":17.901},{"wave_number":16,"enemy_id":"ENEMY_TOUGH","count":16,"spawn_interval":0.6,"regen":5,"abilities":["rush"],"health_multiplier":2.52},{"wave_number":17,"enemy_id":"ENEMY_FLYING_TOUGH","count":14,"spawn_interval":0.5,"regen":12,"health_multiplier":4.68},{"wave_number":18,"enemy_id":"ENEMY_FAST","count":12,"spawn_interval":0.6,"regen":6,"abilities":["disarm"],"health_multiplier":3.52},{"wave_number":19,"enemy_id":"ENEMY_NORMAL_WEAK_2","count":28,"spawn_interval":0.4,"regen":13,"health_multiplier":9.6,"physical_armor_bonus":5,"magical_armor_bonus":3},{"wave_number":20,"enemy_id":"ENEMY_BOSS","count":1,"spawn_interval":1,"regen":30,"health_override":9000},{"wave_number":21,"enemies":[{"enemy_id":"ENEMY_MAGIC_RESIST","count":12},{"enemy_id":"ENEMY_TANK","count":1}],"spawn_interval":0.6,"regen":11,"health_multiplier":6,"abilities":["reflection"]},{"wave_number":22,"enemy_id":"ENEMY_PHYSICAL_RESIST","count":12,"spawn_interval":0.6,"regen":11,"health_multiplier":8.4,"abilities":["blink"]},{"wave_number":23,"enemy_id":"ENEMY_TOUGH","count":14,"spawn_interval":0.5,"regen":13.6,"abilities":["reactive_armor"],"health_multiplier":9.6},{"wave_number":24,"enemy_id":"ENEMY_FAST","count":14,"spawn_interval":0.5,"regen":21,"abilities":["kraken_shell","evasion"],"health_multiplier":19.2,"evasion_chance":0.3},{"wave_number":25,"enemy_id":"ENEMY_FLYING","count":14,"spawn_interval":0.5,"regen":15,"abilities":["untouchable"],"health_multiplier":29.4},{"wave_number":26,"enemy_id":"ENEMY_TOUGH","count":16,"spawn_interval":0.45,"regen":15,"health_multiplier":12,"abilities":["reflection"]},{"wave_number":27,"enemies":[{"enemy_id":"ENEMY_NORMAL_2","count":18},{"enemy_id":"ENEMY_HEALER","count":2}],"spawn_interval":0.45,"regen":8,"health_multiplier":7},{"wave_number":28,"enemy_id":"ENEMY_FLYING_TOUGH","count":28,"spawn_interval":0.45,"regen":15,"abilities":["untouchable","evasion"],"health_multiplier":7.68,"evasion_chance":0.35},{"wave_number":30,"enemy_id":"ENEMY_FLYING_TOUGH","count":1,"spawn_interval":1,"health_override":35000,"regen":35},{"wave_number":31,"enemies":[{"enemy_id":"ENEMY_NORMAL_WEAK","count":6},{"enemy_id":"ENEMY_TOUGH","count":6}],"spawn_interval":0.6,"health_multiplier":120,"regen":24},{"wave_number":32,"enemies":[{"enemy_id":"ENEMY_PHYSICAL_RESIST","count":6},{"enemy_id":"ENEMY_MAGIC_RESIST","count":6}],"spawn_interval":0.6,"health_multiplier_flying":54,"health_multiplier_ground":108,"regen":30,"evasion_chance":0.4,"abilities":["evasion","hus"]},{"wave_number":33,"enemies":[{"enemy_id":"ENEMY_FLYING","count":6},{"enemy_id":"ENEMY_NORMAL_2","count":6}],"spawn_interval":0.5,"health_multiplier_flying":126,"health_multiplier_ground":252,"regen":48,"abilities":["reflection"]},{"wave_number":34,"enemies":[{"enemy_id":"ENEMY_TOUGH_2","count":18},{"enemy_id":"ENEMY_HEALER","count":2}],"spawn_interval":0.45,"health_multiplier":24,"regen":42},
{"wave_number":35,"enemies":[{"enemy_id":"ENEMY_TOUGH","count":5},{"enemy_id":"ENEMY_PHYSICAL_RESIST","count":5},{"enemy_id":"ENEMY_MAGIC_RESIST","count":5}],"spawn_interval":0.5,"regen":30,"health_multiplier":1,"abilities":["blink"]},
{"wave_number":36,"enemies":[{"enemy_id":"ENEMY_FLYING","count":7},{"enemy_id":"ENEMY_FLYING_WEAK","count":7},{"enemy_id":"ENEMY_FLYING_TOUGH","count":7},{"enemy_id":"ENEMY_FLYING_FAST","count":7},{"enemy_id":"ENEMY_TANK","count":1}],"spawn_interval":0.5,"regen":27,"health_multiplier":1},
{"wave_number":37,"enemy_id":"ENEMY_NORMAL_2","count":55,"spawn_interval":0.35,"health_multiplier":4},
{"wave_number":38,"enemy_id":"ENEMY_TOUGH_2","count":20,"spawn_interval":0.45,"regen":40,"health_multiplier":10,"abilities":["hus"]},
{"wave_number":39,"enemies":[{"enemy_id":"ENEMY_TOUGH_2","count":2},{"enemy_id":"ENEMY_FAST","count":1},{"enemy_id":"ENEMY_HEALER","count":1},{"enemy_id":"ENEMY_NORMAL_2","count":1},{"enemy_id":"ENEMY_HEALER","count":1},{"enemy_id":"ENEMY_TOUGH","count":1}],"spawn_interval":0.5,"regen":35,"health_multiplier":8}
]}
