[
  {"id": "TA1", "name": "TA (Физ. атака) Lv.1", "type": "ATTACK", "crafting_level": 0, "level": 1, "combat": {"damage": 18, "fire_rate": 1.0, "range": 3, "shot_cost": 0.048, "attack": {"type": "PROJECTILE", "damage_type": "PHYSICAL"}}, "visuals": {"color": {"r": 255, "g": 80, "b": 0, "a": 255}, "radius_factor": 0.5, "stroke_width": 2.0}},
  {"id": "TA2", "name": "TA (Физ. атака) Lv.2", "type": "ATTACK", "crafting_level": 0, "level": 2, "combat": {"damage": 32, "fire_rate": 1.0, "range": 3, "shot_cost": 0.053, "attack": {"type": "PROJECTILE", "damage_type": "PHYSICAL"}}, "visuals": {"color": {"r": 255, "g": 80, "b": 0, "a": 255}, "radius_factor": 0.5, "stroke_width": 2.0}},
  {"id": "TA3", "name": "TA (Физ. атака) Lv.3", "type": "ATTACK", "crafting_level": 0, "level": 3, "combat": {"damage": 57, "fire_rate": 1.0, "range": 3, "shot_cost": 0.058, "attack": {"type": "PROJECTILE", "damage_type": "PHYSICAL"}}, "visuals": {"color": {"r": 255, "g": 80, "b": 0, "a": 255}, "radius_factor": 0.5, "stroke_width": 2.0}},
  {"id": "TA4", "name": "TA (Физ. атака) Lv.4", "type": "ATTACK", "crafting_level": 0, "level": 4, "combat": {"damage": 102, "fire_rate": 1.0, "range": 3, "shot_cost": 0.064, "attack": {"type": "PROJECTILE", "damage_type": "PHYSICAL"}}, "visuals": {"color": {"r": 255, "g": 80, "b": 0, "a": 255}, "radius_factor": 0.5, "stroke_width": 2.0}},
  {"id": "TA5", "name": "TA (Физ. атака) Lv.5", "type": "ATTACK", "crafting_level": 0, "level": 5, "combat": {"damage": 184, "fire_rate": 1.0, "range": 3, "shot_cost": 0.07, "attack": {"type": "PROJECTILE", "damage_type": "PHYSICAL"}}, "visuals": {"color": {"r": 255, "g": 80, "b": 0, "a": 255}, "radius_factor": 0.5, "stroke_width": 2.0}},
  {"id": "TA6", "name": "TA (Физ. атака) Lv.6", "type": "ATTACK", "crafting_level": 0, "level": 6, "combat": {"damage": 980, "fire_rate": 1.0, "range": 3, "shot_cost": 0.077, "attack": {"type": "PROJECTILE", "damage_type": "PHYSICAL"}}, "visuals": {"color": {"r": 255, "g": 80, "b": 0, "a": 255}, "radius_factor": 0.5, "stroke_width": 2.0}},
  {"id": "TE1", "name": "TE (Маг. атака) Lv.1", "type": "ATTACK", "crafting_level": 0, "level": 1, "combat": {"damage": 25, "fire_rate": 1.0, "range": 3, "shot_cost": 0.056, "attack": {"type": "PROJECTILE", "damage_type": "MAGICAL"}}, "visuals": {"color": {"r": 160, "g": 32, "b": 240, "a": 255}, "radius_factor": 0.5, "stroke_width": 2.0}},
  {"id": "TE2", "name": "TE (Маг. атака) Lv.2", "type": "ATTACK", "crafting_level": 0, "level": 2, "combat": {"damage": 45, "fire_rate": 1.0, "range": 3, "shot_cost": 0.062, "attack": {"type": "PROJECTILE", "damage_type": "MAGICAL"}}, "visuals": {"color": {"r": 160, "g": 32, "b": 240, "a": 255}, "radius_factor": 0.5, "stroke_width": 2.0}},
  {"id": "TE3", "name": "TE (Маг. атака) Lv.3", "type": "ATTACK", "crafting_level": 0, "level": 3, "combat": {"damage": 81, "fire_rate": 1.0, "range": 3, "shot_cost": 0.068, "attack": {"type": "PROJECTILE", "damage_type": "MAGICAL"}}, "visuals": {"color": {"r": 160, "g": 32, "b": 240, "a": 255}, "radius_factor": 0.5, "stroke_width": 2.0}},
  {"id": "TE4", "name": "TE (Маг. атака) Lv.4", "type": "ATTACK", "crafting_level": 0, "level": 4, "combat": {"damage": 146, "fire_rate": 1.0, "range": 3, "shot_cost": 0.075, "attack": {"type": "PROJECTILE", "damage_type": "MAGICAL"}}, "visuals": {"color": {"r": 160, "g": 32, "b": 240, "a": 255}, "radius_factor": 0.5, "stroke_width": 2.0}},
  {"id": "TE5", "name": "TE (Маг. атака) Lv.5", "type": "ATTACK", "crafting_level": 0, "level": 5, "combat": {"damage": 263, "fire_rate": 1.0, "range": 3, "shot_cost": 0.082, "attack": {"type": "PROJECTILE", "damage_type": "MAGICAL"}}, "visuals": {"color": {"r": 160, "g": 32, "b": 240, "a": 255}, "radius_factor": 0.5, "stroke_width": 2.0}},
  {"id": "TE6", "name": "TE (Маг. атака) Lv.6", "type": "ATTACK", "crafting_level": 0, "level": 6, "combat": {"damage": 1400, "fire_rate": 1.0, "range": 3, "shot_cost": 0.09, "attack": {"type": "PROJECTILE", "damage_type": "MAGICAL"}}, "visuals": {"color": {"r": 160, "g": 32, "b": 240, "a": 255}, "radius_factor": 0.5, "stroke_width": 2.0}},
  {"id": "TO1", "name": "TO (Чист. атака) Lv.1", "type": "ATTACK", "crafting_level": 0, "level": 1, "combat": {"damage": 10, "fire_rate": 1.0, "range": 3, "shot_cost": 0.032, "attack": {"type": "PROJECTILE", "damage_type": "PURE"}}, "visuals": {"color": {"r": 173, "g": 216, "b": 230, "a": 255}, "radius_factor": 0.5, "stroke_width": 2.0}},
  {"id": "TO2", "name": "TO (Чист. атака) Lv.2", "type": "ATTACK", "crafting_level": 0, "level": 2, "combat": {"damage": 18, "fire_rate": 1.0, "range": 3, "shot_cost": 0.035, "attack": {"type": "PROJECTILE", "damage_type": "PURE"}}, "visuals": {"color": {"r": 173, "g": 216, "b": 230, "a": 255}, "radius_factor": 0.5, "stroke_width": 2.0}},
  {"id": "TO3", "name": "TO (Чист. атака) Lv.3", "type": "ATTACK", "crafting_level": 0, "level": 3, "combat": {"damage": 33, "fire_rate": 1.0, "range": 3, "shot_cost": 0.039, "attack": {"type": "PROJECTILE", "damage_type": "PURE"}}, "visuals": {"color": {"r": 173, "g": 216, "b": 230, "a": 255}, "radius_factor": 0.5, "stroke_width": 2.0}},
  {"id": "TO4", "name": "TO (Чист. атака) Lv.4", "type": "ATTACK", "crafting_level": 0, "level": 4, "combat": {"damage": 60, "fire_rate": 1.0, "range": 3, "shot_cost": 0.043, "attack": {"type": "PROJECTILE", "damage_type": "PURE"}}, "visuals": {"color": {"r": 173, "g": 216, "b": 230, "a": 255}, "radius_factor": 0.5, "stroke_width": 2.0}},
  {"id": "TO5", "name": "TO (Чист. атака) Lv.5", "type": "ATTACK", "crafting_level": 0, "level": 5, "combat": {"damage": 110, "fire_rate": 1.0, "range": 3, "shot_cost": 0.047, "attack": {"type": "PROJECTILE", "damage_type": "PURE"}}, "visuals": {"color": {"r": 173, "g": 216, "b": 230, "a": 255}, "radius_factor": 0.5, "stroke_width": 2.0}},
  {"id": "TO6", "name": "TO (Чист. атака) Lv.6", "type": "ATTACK", "crafting_level": 0, "level": 6, "combat": {"damage": 600, "fire_rate": 1.0, "range": 3, "shot_cost": 0.052, "attack": {"type": "PROJECTILE", "damage_type": "PURE"}}, "visuals": {"color": {"r": 173, "g": 216, "b": 230, "a": 255}, "radius_factor": 0.5, "stroke_width": 2.0}},
  {"id": "PA1", "name": "PA (Сплит-физ.) Lv.1", "type": "ATTACK", "crafting_level": 0, "level": 1, "combat": {"damage": 13, "fire_rate": 1.0, "range": 3, "shot_cost": 0.064, "attack": {"type": "PROJECTILE", "damage_type": "PHYSICAL", "params": {"split_count": 2}}}, "visuals": {"color": {"r": 255, "g": 140, "b": 0, "a": 255}, "radius_factor": 0.5, "stroke_width": 2.0}},
  {"id": "PA2", "name": "PA (Сплит-физ.) Lv.2", "type": "ATTACK", "crafting_level": 0, "level": 2, "combat": {"damage": 23, "fire_rate": 1.0, "range": 3, "shot_cost": 0.07, "attack": {"type": "PROJECTILE", "damage_type": "PHYSICAL", "params": {"split_count": 2}}}, "visuals": {"color": {"r": 255, "g": 140, "b": 0, "a": 255}, "radius_factor": 0.5, "stroke_width": 2.0}},
  {"id": "PA3", "name": "PA (Сплит-физ.) Lv.3", "type": "ATTACK", "crafting_level": 0, "level": 3, "combat": {"damage": 42, "fire_rate": 1.0, "range": 3, "shot_cost": 0.077, "attack": {"type": "PROJECTILE", "damage_type": "PHYSICAL", "params": {"split_count": 2}}}, "visuals": {"color": {"r": 255, "g": 140, "b": 0, "a": 255}, "radius_factor": 0.5, "stroke_width": 2.0}},
  {"id": "PA4", "name": "PA (Сплит-физ.) Lv.4", "type": "ATTACK", "crafting_level": 0, "level": 4, "combat": {"damage": 76, "fire_rate": 1.0, "range": 3, "shot_cost": 0.085, "attack": {"type": "PROJECTILE", "damage_type": "PHYSICAL", "params": {"split_count": 2}}}, "visuals": {"color": {"r": 255, "g": 140, "b": 0, "a": 255}, "radius_factor": 0.5, "stroke_width": 2.0}},
  {"id": "PA5", "name": "PA (Сплит-физ.) Lv.5", "type": "ATTACK", "crafting_level": 0, "level": 5, "combat": {"damage": 137, "fire_rate": 1.0, "range": 3, "shot_cost": 0.094, "attack": {"type": "PROJECTILE", "damage_type": "PHYSICAL", "params": {"split_count": 2}}}, "visuals": {"color": {"r": 255, "g": 140, "b": 0, "a": 255}, "radius_factor": 0.5, "stroke_width": 2.0}},
  {"id": "PA6", "name": "PA (Сплит-физ.) Lv.6", "type": "ATTACK", "crafting_level": 0, "level": 6, "combat": {"damage": 730, "fire_rate": 1.0, "range": 3, "shot_cost": 0.103, "attack": {"type": "PROJECTILE", "damage_type": "PHYSICAL", "params": {"split_count": 2}}}, "visuals": {"color": {"r": 255, "g": 140, "b": 0, "a": 255}, "radius_factor": 0.5, "stroke_width": 2.0}},
  {"id": "PE1", "name": "PE (Сплит-маг.) Lv.1", "type": "ATTACK", "crafting_level": 0, "level": 1, "combat": {"damage": 7, "fire_rate": 1.0, "range": 3, "shot_cost": 0.048, "attack": {"type": "PROJECTILE", "damage_type": "MAGICAL", "params": {"split_count": 2}}}, "visuals": {"color": {"r": 221, "g": 160, "b": 221, "a": 255}, "radius_factor": 0.5, "stroke_width": 2.0}},
  {"id": "PE2", "name": "PE (Сплит-маг.) Lv.2", "type": "ATTACK", "crafting_level": 0, "level": 2, "combat": {"damage": 12, "fire_rate": 1.0, "range": 3, "shot_cost": 0.053, "attack": {"type": "PROJECTILE", "damage_type": "MAGICAL", "params": {"split_count": 2}}}, "visuals": {"color": {"r": 221, "g": 160, "b": 221, "a": 255}, "radius_factor": 0.5, "stroke_width": 2.0}},
  {"id": "PE3", "name": "PE (Сплит-маг.) Lv.3", "type": "ATTACK", "crafting_level": 0, "level": 3, "combat": {"damage": 21, "fire_rate": 1.0, "range": 3, "shot_cost": 0.058, "attack": {"type": "PROJECTILE", "damage_type": "MAGICAL", "params": {"split_count": 2}}}, "visuals": {"color": {"r": 221, "g": 160, "b": 221, "a": 255}, "radius_factor": 0.5, "stroke_width": 2.0}},
  {"id": "PE4", "name": "PE (Сплит-маг.) Lv.4", "type": "ATTACK", "crafting_level": 0, "level": 4, "combat": {"damage": 38, "fire_rate": 1.0, "range": 3, "shot_cost": 0.064, "attack": {"type": "PROJECTILE", "damage_type": "MAGICAL", "params": {"split_count": 2}}}, "visuals": {"color": {"r": 221, "g": 160, "b": 221, "a": 255}, "radius_factor": 0.5, "stroke_width": 2.0}},
  {"id": "PE5", "name": "PE (Сплит-маг.) Lv.5", "type": "ATTACK", "crafting_level": 0, "level": 5, "combat": {"damage": 69, "fire_rate": 1.0, "range": 3, "shot_cost": 0.07, "attack": {"type": "PROJECTILE", "damage_type": "MAGICAL", "params": {"split_count": 2}}}, "visuals": {"color": {"r": 221, "g": 160, "b": 221, "a": 255}, "radius_factor": 0.5, "stroke_width": 2.0}},
  {"id": "PE6", "name": "PE (Сплит-маг.) Lv.6", "type": "ATTACK", "crafting_level": 0, "level": 6, "combat": {"damage": 365, "fire_rate": 1.0, "range": 3, "shot_cost": 0.077, "attack": {"type": "PROJECTILE", "damage_type": "MAGICAL", "params": {"split_count": 2}}}, "visuals": {"color": {"r": 221, "g": 160, "b": 221, "a": 255}, "radius_factor": 0.5, "stroke_width": 2.0}},
  {"id": "PO1", "name": "PO (Сплит-чист.) Lv.1", "type": "ATTACK", "crafting_level": 0, "level": 1, "combat": {"damage": 8, "fire_rate": 1.0, "range": 3, "shot_cost": 0.08, "attack": {"type": "PROJECTILE", "damage_type": "PURE", "params": {"split_count": 2}}}, "visuals": {"color": {"r": 224, "g": 255, "b": 255, "a": 255}, "radius_factor": 0.5, "stroke_width": 2.0}},
  {"id": "PO2", "name": "PO (Сплит-чист.) Lv.2", "type": "ATTACK", "crafting_level": 0, "level": 2, "combat": {"damage": 14, "fire_rate": 1.0, "range": 3, "shot_cost": 0.088, "attack": {"type": "PROJECTILE", "damage_type": "PURE", "params": {"split_count": 2}}}, "visuals": {"color": {"r": 224, "g": 255, "b": 255, "a": 255}, "radius_factor": 0.5, "stroke_width": 2.0}},
  {"id": "PO3", "name": "PO (Сплит-чист.) Lv.3", "type": "ATTACK", "crafting_level": 0, "level": 3, "combat": {"damage": 25, "fire_rate": 1.0, "range": 3, "shot_cost": 0.097, "attack": {"type": "PROJECTILE", "damage_type": "PURE", "params": {"split_count": 2}}}, "visuals": {"color": {"r": 224, "g": 255, "b": 255, "a": 255}, "radius_factor": 0.5, "stroke_width": 2.0}},
  {"id": "PO4", "name": "PO (Сплит-чист.) Lv.4", "type": "ATTACK", "crafting_level": 0, "level": 4, "combat": {"damage": 45, "fire_rate": 1.0, "range": 3, "shot_cost": 0.106, "attack": {"type": "PROJECTILE", "damage_type": "PURE", "params": {"split_count": 2}}}, "visuals": {"color": {"r": 224, "g": 255, "b": 255, "a": 255}, "radius_factor": 0.5, "stroke_width": 2.0}},
  {"id": "PO5", "name": "PO (Сплит-чист.) Lv.5", "type": "ATTACK", "crafting_level": 0, "level": 5, "combat": {"damage": 81, "fire_rate": 1.0, "range": 3, "shot_cost": 0.117, "attack": {"type": "PROJECTILE", "damage_type": "PURE", "params": {"split_count": 2}}}, "visuals": {"color": {"r": 224, "g": 255, "b": 255, "a": 255}, "radius_factor": 0.5, "stroke_width": 2.0}},
  {"id": "PO6", "name": "PO (Сплит-чист.) Lv.6", "type": "ATTACK", "crafting_level": 0, "level": 6, "combat": {"damage": 430, "fire_rate": 1.0, "range": 3, "shot_cost": 0.129, "attack": {"type": "PROJECTILE", "damage_type": "PURE", "params": {"split_count": 2}}}, "visuals": {"color": {"r": 224, "g": 255, "b": 255, "a": 255}, "radius_factor": 0.5, "stroke_width": 2.0}},
  {
    "id": "TOWER_SILVER",
    "name": "Сильвер",
    "type": "ATTACK",
    "crafting_level": 1,
    "level": 2,
    "combat": {
      "damage": 91,
      "fire_rate": 1.08,
      "range": 4,
      "shot_cost": 0.15,
      "attack": {
        "type": "LASER",
        "damage_type": "PHYSICAL",
        "params": {
          "slow_multiplier": 0.5,
          "slow_duration": 2.0
        }
      }
    },
    "visuals": {
      "color": {"r": 192, "g": 192, "b": 192, "a": 255},
      "radius_factor": 0.35,
      "stroke_width": 2.0
    }
  },
  {
    "id": "TOWER_MALACHITE",
    "name": "Малахит",
    "type": "ATTACK",
    "crafting_level": 1,
    "level": 2,
    "combat": {
      "damage": 20,
      "fire_rate": 1.1,
      "range": 4,
      "shot_cost": 0.3,
      "attack": {
        "type": "PROJECTILE",
        "damage_type": "MAGICAL",
        "params": {
          "split_count": 3,
          "impact_burst": {
            "radius": 3,
            "target_count": 6,
            "damage_factor": 0.4,
            "direct_hit_multiplier": 2.0
          }
        }
      }
    },
    "visuals": {
      "color": {"r": 11, "g": 128, "b": 96, "a": 255},
      "radius_factor": 0.35,
      "stroke_width": 2.0
    }
  },
  {"id": "DE1", "name": "DE (Аура) Lv.1", "type": "ATTACK", "crafting_level": 0, "level": 1, "combat": {"damage": 0, "fire_rate": 1.0, "range": 1, "shot_cost": 0.04, "attack": {"type": "PROJECTILE", "damage_type": "INTERNAL"}}, "aura": {"radius": 2, "speed_multiplier": 2}, "visuals": {"color": {"r": 50, "g": 205, "b": 50, "a": 255}, "radius_factor": 0.5, "stroke_width": 2.0}},
  {"id": "DE2", "name": "DE (Аура) Lv.2", "type": "ATTACK", "crafting_level": 0, "level": 2, "combat": {"damage": 0, "fire_rate": 1.0, "range": 1, "shot_cost": 0.044, "attack": {"type": "PROJECTILE", "damage_type": "INTERNAL"}}, "aura": {"radius": 2, "speed_multiplier": 2.4}, "visuals": {"color": {"r": 50, "g": 205, "b": 50, "a": 255}, "radius_factor": 0.5, "stroke_width": 2.0}},
  {"id": "DE3", "name": "DE (Аура) Lv.3", "type": "ATTACK", "crafting_level": 0, "level": 3, "combat": {"damage": 0, "fire_rate": 1.0, "range": 1, "shot_cost": 0.048, "attack": {"type": "PROJECTILE", "damage_type": "INTERNAL"}}, "aura": {"radius": 2, "speed_multiplier": 3}, "visuals": {"color": {"r": 50, "g": 205, "b": 50, "a": 255}, "radius_factor": 0.5, "stroke_width": 2.0}},
  {"id": "DE4", "name": "DE (Аура) Lv.4", "type": "ATTACK", "crafting_level": 0, "level": 4, "combat": {"damage": 0, "fire_rate": 1.0, "range": 1, "shot_cost": 0.053, "attack": {"type": "PROJECTILE", "damage_type": "INTERNAL"}}, "aura": {"radius": 2, "speed_multiplier": 3.7}, "visuals": {"color": {"r": 50, "g": 205, "b": 50, "a": 255}, "radius_factor": 0.5, "stroke_width": 2.0}},
  {"id": "DE5", "name": "DE (Аура) Lv.5", "type": "ATTACK", "crafting_level": 0, "level": 5, "combat": {"damage": 0, "fire_rate": 1.0, "range": 1, "shot_cost": 0.059, "attack": {"type": "PROJECTILE", "damage_type": "INTERNAL"}}, "aura": {"radius": 2, "speed_multiplier": 4.6}, "visuals": {"color": {"r": 50, "g": 205, "b": 50, "a": 255}, "radius_factor": 0.5, "stroke_width": 2.0}},
  {"id": "DE6", "name": "DE (Аура) Lv.6", "type": "ATTACK", "crafting_level": 0, "level": 6, "combat": {"damage": 0, "fire_rate": 1.0, "range": 1, "shot_cost": 0.065, "attack": {"type": "PROJECTILE", "damage_type": "INTERNAL"}}, "aura": {"radius": 2, "speed_multiplier": 6}, "visuals": {"color": {"r": 50, "g": 205, "b": 50, "a": 255}, "radius_factor": 0.5, "stroke_width": 2.0}},
  {"id": "DA1", "name": "DA (Аура урона) Lv.1", "type": "ATTACK", "crafting_level": 0, "level": 1, "combat": {"damage": 0, "fire_rate": 1.0, "range": 1, "shot_cost": 0.04, "attack": {"type": "PROJECTILE", "damage_type": "INTERNAL"}}, "aura": {"radius": 2, "damage_bonus": 6}, "visuals": {"color": {"r": 220, "g": 80, "b": 60, "a": 255}, "radius_factor": 0.5, "stroke_width": 2}},
  {"id": "DA2", "name": "DA (Аура урона) Lv.2", "type": "ATTACK", "crafting_level": 0, "level": 2, "combat": {"damage": 0, "fire_rate": 1.0, "range": 1, "shot_cost": 0.044, "attack": {"type": "PROJECTILE", "damage_type": "INTERNAL"}}, "aura": {"radius": 2, "damage_bonus": 11}, "visuals": {"color": {"r": 220, "g": 80, "b": 60, "a": 255}, "radius_factor": 0.5, "stroke_width": 2}},
  {"id": "DA3", "name": "DA (Аура урона) Lv.3", "type": "ATTACK", "crafting_level": 0, "level": 3, "combat": {"damage": 0, "fire_rate": 1.0, "range": 1, "shot_cost": 0.048, "attack": {"type": "PROJECTILE", "damage_type": "INTERNAL"}}, "aura": {"radius": 2, "damage_bonus": 20}, "visuals": {"color": {"r": 220, "g": 80, "b": 60, "a": 255}, "radius_factor": 0.5, "stroke_width": 2}},
  {"id": "DA4", "name": "DA (Аура урона) Lv.4", "type": "ATTACK", "crafting_level": 0, "level": 4, "combat": {"damage": 0, "fire_rate": 1.0, "range": 1, "shot_cost": 0.053, "attack": {"type": "PROJECTILE", "damage_type": "INTERNAL"}}, "aura": {"radius": 3, "damage_bonus": 36}, "visuals": {"color": {"r": 220, "g": 80, "b": 60, "a": 255}, "radius_factor": 0.5, "stroke_width": 2}},
  {"id": "DA5", "name": "DA (Аура урона) Lv.5", "type": "ATTACK", "crafting_level": 0, "level": 5, "combat": {"damage": 0, "fire_rate": 1.0, "range": 1, "shot_cost": 0.059, "attack": {"type": "PROJECTILE", "damage_type": "INTERNAL"}}, "aura": {"radius": 3, "damage_bonus": 60}, "visuals": {"color": {"r": 220, "g": 80, "b": 60, "a": 255}, "radius_factor": 0.5, "stroke_width": 2}},
  {"id": "DA6", "name": "DA (Аура урона) Lv.6", "type": "ATTACK", "crafting_level": 0, "level": 6, "combat": {"damage": 0, "fire_rate": 1.0, "range": 1, "shot_cost": 0.065, "attack": {"type": "PROJECTILE", "damage_type": "INTERNAL"}}, "aura": {"radius": 4, "damage_bonus": 200}, "visuals": {"color": {"r": 220, "g": 80, "b": 60, "a": 255}, "radius_factor": 0.5, "stroke_width": 2}},
  {"id": "NI1", "name": "NI (Замедление) Lv.1", "type": "ATTACK", "crafting_level": 0, "level": 1, "combat": {"damage": 1, "fire_rate": 1.67, "range": 3, "shot_cost": 0.072, "attack": {"type": "PROJECTILE", "damage_type": "SLOW", "params": {"slow_factor": 0.4}}}, "visuals": {"color": {"r": 0, "g": 191, "b": 255, "a": 255}, "radius_factor": 0.5, "stroke_width": 2.0}},
  {"id": "NI2", "name": "NI (Замедление) Lv.2", "type": "ATTACK", "crafting_level": 0, "level": 2, "combat": {"damage": 2, "fire_rate": 1.67, "range": 3, "shot_cost": 0.079, "attack": {"type": "PROJECTILE", "damage_type": "SLOW", "params": {"slow_factor": 0.5}}}, "visuals": {"color": {"r": 0, "g": 191, "b": 255, "a": 255}, "radius_factor": 0.5, "stroke_width": 2.0}},
  {"id": "NI3", "name": "NI (Замедление) Lv.3", "type": "ATTACK", "crafting_level": 0, "level": 3, "combat": {"damage": 3, "fire_rate": 1.67, "range": 3, "shot_cost": 0.087, "attack": {"type": "PROJECTILE", "damage_type": "SLOW", "params": {"slow_factor": 0.6}}}, "visuals": {"color": {"r": 0, "g": 191, "b": 255, "a": 255}, "radius_factor": 0.5, "stroke_width": 2.0}},
  {"id": "NI4", "name": "NI (Замедление) Lv.4", "type": "ATTACK", "crafting_level": 0, "level": 4, "combat": {"damage": 4, "fire_rate": 1.67, "range": 3, "shot_cost": 0.096, "attack": {"type": "PROJECTILE", "damage_type": "SLOW", "params": {"slow_factor": 0.7}}}, "visuals": {"color": {"r": 0, "g": 191, "b": 255, "a": 255}, "radius_factor": 0.5, "stroke_width": 2.0}},
  {"id": "NI5", "name": "NI (Замедление) Lv.5", "type": "ATTACK", "crafting_level": 0, "level": 5, "combat": {"damage": 5, "fire_rate": 1.67, "range": 3, "shot_cost": 0.105, "attack": {"type": "PROJECTILE", "damage_type": "SLOW", "params": {"slow_factor": 0.8}}}, "visuals": {"color": {"r": 0, "g": 191, "b": 255, "a": 255}, "radius_factor": 0.5, "stroke_width": 2.0}},
  {"id": "NI6", "name": "NI (Замедление) Lv.6", "type": "ATTACK", "crafting_level": 0, "level": 6, "combat": {"damage": 6, "fire_rate": 1.67, "range": 3, "shot_cost": 0.116, "attack": {"type": "PROJECTILE", "damage_type": "SLOW", "params": {"slow_factor": 0.95}}}, "visuals": {"color": {"r": 0, "g": 191, "b": 255, "a": 255}, "radius_factor": 0.5, "stroke_width": 2.0}},
  {"id": "NU1", "name": "NU (Яд) Lv.1", "type": "ATTACK", "crafting_level": 0, "level": 1, "combat": {"damage": 1, "fire_rate": 0.8, "range": 3, "shot_cost": 0.056, "attack": {"type": "PROJECTILE", "damage_type": "POISON", "params": {"poison_dps": 5}}}, "visuals": {"color": {"r": 127, "g": 255, "b": 0, "a": 255}, "radius_factor": 0.5, "stroke_width": 2.0}},
  {"id": "NU2", "name": "NU (Яд) Lv.2", "type": "ATTACK", "crafting_level": 0, "level": 2, "combat": {"damage": 2, "fire_rate": 0.8, "range": 3, "shot_cost": 0.062, "attack": {"type": "PROJECTILE", "damage_type": "POISON", "params": {"poison_dps": 9}}}, "visuals": {"color": {"r": 127, "g": 255, "b": 0, "a": 255}, "radius_factor": 0.5, "stroke_width": 2.0}},
  {"id": "NU3", "name": "NU (Яд) Lv.3", "type": "ATTACK", "crafting_level": 0, "level": 3, "combat": {"damage": 3, "fire_rate": 0.8, "range": 3, "shot_cost": 0.068, "attack": {"type": "PROJECTILE", "damage_type": "POISON", "params": {"poison_dps": 16}}}, "visuals": {"color": {"r": 127, "g": 255, "b": 0, "a": 255}, "radius_factor": 0.5, "stroke_width": 2.0}},
  {"id": "NU4", "name": "NU (Яд) Lv.4", "type": "ATTACK", "crafting_level": 0, "level": 4, "combat": {"damage": 4, "fire_rate": 0.8, "range": 3, "shot_cost": 0.075, "attack": {"type": "PROJECTILE", "damage_type": "POISON", "params": {"poison_dps": 29}}}, "visuals": {"color": {"r": 127, "g": 255, "b": 0, "a": 255}, "radius_factor": 0.5, "stroke_width": 2.0}},
  {"id": "NU5", "name": "NU (Яд) Lv.5", "type": "ATTACK", "crafting_level": 0, "level": 5, "combat": {"damage": 5, "fire_rate": 0.8, "range": 3, "shot_cost": 0.082, "attack": {"type": "PROJECTILE", "damage_type": "POISON", "params": {"poison_dps": 52}}}, "visuals": {"color": {"r": 127, "g": 255, "b": 0, "a": 255}, "radius_factor": 0.5, "stroke_width": 2.0}},
  {"id": "NU6", "name": "NU (Яд) Lv.6", "type": "ATTACK", "crafting_level": 0, "level": 6, "combat": {"damage": 6, "fire_rate": 0.8, "range": 3, "shot_cost": 0.09, "attack": {"type": "PROJECTILE", "damage_type": "POISON", "params": {"poison_dps": 94}}}, "visuals": {"color": {"r": 127, "g": 255, "b": 0, "a": 255}, "radius_factor": 0.5, "stroke_width": 2.0}},
  {"id": "NA1", "name": "NA (Снижение физ. брони) Lv.1", "type": "ATTACK", "crafting_level": 0, "level": 1, "combat": {"damage": 3, "fire_rate": 1.2, "range": 3, "shot_cost": 0.064, "attack": {"type": "PROJECTILE", "damage_type": "PHYS_ARMOR_DEBUFF", "params": {"armor_debuff_amount": 8}}}, "visuals": {"color": {"r": 210, "g": 105, "b": 30, "a": 255}, "radius_factor": 0.5, "stroke_width": 2.0}},
  {"id": "NA2", "name": "NA (Снижение физ. брони) Lv.2", "type": "ATTACK", "crafting_level": 0, "level": 2, "combat": {"damage": 4, "fire_rate": 1.2, "range": 3, "shot_cost": 0.07, "attack": {"type": "PROJECTILE", "damage_type": "PHYS_ARMOR_DEBUFF", "params": {"armor_debuff_amount": 15}}}, "visuals": {"color": {"r": 210, "g": 105, "b": 30, "a": 255}, "radius_factor": 0.5, "stroke_width": 2.0}},
  {"id": "NA3", "name": "NA (Снижение физ. брони) Lv.3", "type": "ATTACK", "crafting_level": 0, "level": 3, "combat": {"damage": 5, "fire_rate": 1.2, "range": 3, "shot_cost": 0.077, "attack": {"type": "PROJECTILE", "damage_type": "PHYS_ARMOR_DEBUFF", "params": {"armor_debuff_amount": 32}}}, "visuals": {"color": {"r": 210, "g": 105, "b": 30, "a": 255}, "radius_factor": 0.5, "stroke_width": 2.0}},
  {"id": "NA4", "name": "NA (Снижение физ. брони) Lv.4", "type": "ATTACK", "crafting_level": 0, "level": 4, "combat": {"damage": 6, "fire_rate": 1.2, "range": 3, "shot_cost": 0.085, "attack": {"type": "PROJECTILE", "damage_type": "PHYS_ARMOR_DEBUFF", "params": {"armor_debuff_amount": 58}}}, "visuals": {"color": {"r": 210, "g": 105, "b": 30, "a": 255}, "radius_factor": 0.5, "stroke_width": 2.0}},
  {"id": "NA5", "name": "NA (Снижение физ. брони) Lv.5", "type": "ATTACK", "crafting_level": 0, "level": 5, "combat": {"damage": 7, "fire_rate": 1.2, "range": 3, "shot_cost": 0.094, "attack": {"type": "PROJECTILE", "damage_type": "PHYS_ARMOR_DEBUFF", "params": {"armor_debuff_amount": 105}}}, "visuals": {"color": {"r": 210, "g": 105, "b": 30, "a": 255}, "radius_factor": 0.5, "stroke_width": 2.0}},
  {"id": "NA6", "name": "NA (Снижение физ. брони) Lv.6", "type": "ATTACK", "crafting_level": 0, "level": 6, "combat": {"damage": 8, "fire_rate": 1.2, "range": 3, "shot_cost": 0.103, "attack": {"type": "PROJECTILE", "damage_type": "PHYS_ARMOR_DEBUFF", "params": {"armor_debuff_amount": 190}}}, "visuals": {"color": {"r": 210, "g": 105, "b": 30, "a": 255}, "radius_factor": 0.5, "stroke_width": 2.0}},
  {"id": "NE1", "name": "NE (Снижение маг. брони) Lv.1", "type": "ATTACK", "crafting_level": 0, "level": 1, "combat": {"damage": 3, "fire_rate": 1.2, "range": 3, "shot_cost": 0.064, "attack": {"type": "PROJECTILE", "damage_type": "MAG_ARMOR_DEBUFF", "params": {"armor_debuff_amount": 8}}}, "visuals": {"color": {"r": 140, "g": 90, "b": 255, "a": 255}, "radius_factor": 0.5, "stroke_width": 2.0}},
  {"id": "NE2", "name": "NE (Снижение маг. брони) Lv.2", "type": "ATTACK", "crafting_level": 0, "level": 2, "combat": {"damage": 4, "fire_rate": 1.2, "range": 3, "shot_cost": 0.07, "attack": {"type": "PROJECTILE", "damage_type": "MAG_ARMOR_DEBUFF", "params": {"armor_debuff_amount": 15}}}, "visuals": {"color": {"r": 140, "g": 90, "b": 255, "a": 255}, "radius_factor": 0.5, "stroke_width": 2.0}},
  {"id": "NE3", "name": "NE (Снижение маг. брони) Lv.3", "type": "ATTACK", "crafting_level": 0, "level": 3, "combat": {"damage": 5, "fire_rate": 1.2, "range": 3, "shot_cost": 0.077, "attack": {"type": "PROJECTILE", "damage_type": "MAG_ARMOR_DEBUFF", "params": {"armor_debuff_amount": 32}}}, "visuals": {"color": {"r": 140, "g": 90, "b": 255, "a": 255}, "radius_factor": 0.5, "stroke_width": 2.0}},
  {"id": "NE4", "name": "NE (Снижение маг. брони) Lv.4", "type": "ATTACK", "crafting_level": 0, "level": 4, "combat": {"damage": 6, "fire_rate": 1.2, "range": 3, "shot_cost": 0.085, "attack": {"type": "PROJECTILE", "damage_type": "MAG_ARMOR_DEBUFF", "params": {"armor_debuff_amount": 58}}}, "visuals": {"color": {"r": 140, "g": 90, "b": 255, "a": 255}, "radius_factor": 0.5, "stroke_width": 2.0}},
  {"id": "NE5", "name": "NE (Снижение маг. брони) Lv.5", "type": "ATTACK", "crafting_level": 0, "level": 5, "combat": {"damage": 7, "fire_rate": 1.2, "range": 3, "shot_cost": 0.094, "attack": {"type": "PROJECTILE", "damage_type": "MAG_ARMOR_DEBUFF", "params": {"armor_debuff_amount": 105}}}, "visuals": {"color": {"r": 140, "g": 90, "b": 255, "a": 255}, "radius_factor": 0.5, "stroke_width": 2.0}},
  {"id": "NE6", "name": "NE (Снижение маг. брони) Lv.6", "type": "ATTACK", "crafting_level": 0, "level": 6, "combat": {"damage": 8, "fire_rate": 1.2, "range": 3, "shot_cost": 0.103, "attack": {"type": "PROJECTILE", "damage_type": "MAG_ARMOR_DEBUFF", "params": {"armor_debuff_amount": 190}}}, "visuals": {"color": {"r": 140, "g": 90, "b": 255, "a": 255}, "radius_factor": 0.5, "stroke_width": 2.0}},
  {
    "id": "TOWER_MINER",
    "name": "Шахтер",
    "type": "MINER",
    "crafting_level": 0,
    "level": 1,
    "energy": {
      "transfer_radius": 3,
      "line_degradation_factor": 0.6
    },
    "visuals": {
      "color": {"r": 255, "g": 215, "b": 0, "a": 255},
      "radius_factor": 0.55,
      "stroke_width": 2.0
    }
  },
  {
    "id": "TOWER_WALL",
    "name": "Стена",
    "type": "WALL",
    "crafting_level": 0,
    "level": 1,
    "visuals": {
      "color": {"r": 105, "g": 105, "b": 105, "a": 255},
      "radius_factor": 0.4,
      "stroke_width": 0
    }
  },
  {
    "id": "TOWER_VOLCANO",
    "name": "Вулкан",
    "type": "ATTACK",
    "crafting_level": 1,
    "level": 2,
    "combat": {
      "damage": 36,
      "fire_rate": 0.5,
      "range": 2,
      "shot_cost": 0.25,
      "attack": {
        "type": "NONE",
        "damage_type": "PHYSICAL"
      }
    },
    "visuals": {
      "color": {"r": 255, "g": 69, "b": 0, "a": 255},
      "radius_factor": 0.35,
      "stroke_width": 2.0
    }
  },
  {
    "id": "TOWER_LIGHTHOUSE",
    "name": "Маяк",
    "type": "ATTACK",
    "crafting_level": 1,
    "level": 2,
    "combat": {
      "damage": 35,
      "fire_rate": 1.0,
      "range": 4,
      "shot_cost": 0.20,
      "attack": {
        "type": "NONE",
        "damage_type": "PURE",
        "params": {
          "rotation_speed": 1.5,
          "arc_angle": 120
        }
      }
    },
    "visuals": {
      "color": { "r": 255, "g": 255, "b": 102, "a": 255 },
      "radius_factor": 0.35,
      "stroke_width": 2.0
    }
  },
  {
    "id": "TOWER_JADE",
    "name": "Jade (Яд)",
    "type": "ATTACK",
    "crafting_level": 1,
    "level": 2,
    "combat": {
      "damage": 5,
      "fire_rate": 1.125,
      "range": 4,
      "shot_cost": 0.12,
      "attack": {
        "type": "PROJECTILE",
        "damage_type": "MAGICAL",
        "params": {
          "effect": "JADE_POISON",
          "visual_type": "ELLIPSE"
        }
      }
    },
    "visuals": {
      "color": {"r": 152, "g": 251, "b": 152, "a": 255},
      "radius_factor": 0.35,
      "stroke_width": 2.0
    }
  }
]