{"waves":[{"wave_number":1,"enemy_id":"ENEMY_NORMAL_WEAK","count":5,"spawn_interval":0.8},{"wave_number":2,"enemy_id":"ENEMY_NORMAL_WEAK_2","count":7,"spawn_interval":0.8},{"wave_number":3,"enemy_id":"ENEMY_NORMAL_WEAK","count":9,"spawn_interval":0.8},{"wave_number":4,"enemy_id":"ENEMY_TOUGH","count":7,"spawn_interval":1,"regen":0.4,"health_multiplier":1.15,"speed_multiplier":1.2},{"wave_number":5,"enemy_id":"ENEMY_NORMAL","count":10,"spawn_interval":0.8},{"wave_number":6,"enemy_id":"ENEMY_MAGIC_RESIST","count":12,"spawn_interval":0.75,"regen":2},{"wave_number":7,"enemy_id":"ENEMY_PHYSICAL_RESIST","count":11,"spawn_interval":0.75,"health_multiplier":1.68},{"wave_number":8,"enemy_id":"ENEMY_FAST","count":15,"spawn_interval":0.5,"regen":1,"health_multiplier":1.3},{"wave_number":9,"enemy_id":"ENEMY_NORMAL_WEAK_2","count":28,"spawn_interval":0.4,"regen":3.2,"health_multiplier":4,"physical_armor_bonus":3,"magical_armor_bonus":2},{"wave_number":10,"enemy_id":"ENEMY_BOSS","count":1,"spawn_interval":1,"regen":0.8,"health_multiplier":1.346},{"wave_number":11,"enemy_id":"ENEMY_NORMAL_WEAK_2","count":10,"spawn_interval":0.75,"health_multiplier":1.3},{"wave_number":12,"enemy_id":"ENEMY_PHYSICAL_RESIST","count":10,"spawn_interval":0.75,"regen":3,"abilities":["effect_immunity"],"health_multiplier":1.65},{"wave_number":13,"enemy_id":"ENEMY_FAST","count":15,"spawn_interval":0.5,"regen":2,"health_multiplier":1.3},{"wave_number":14,"enemy_id":"ENEMY_TOUGH_2","count":22,"spawn_interval":0.4,"health_multiplier":4.8},{"wave_number":15,"enemy_id":"ENEMY_FLYING_WEAK","count":12,"spawn_interval":0.6,"regen":6,"health_multiplier":9.18},{"wave_number":16,"enemy_id":"ENEMY_TOUGH","count":16,"spawn_interval":0.6,"regen":5,"abilities":["rush"],"health_multiplier":2.52},{"wave_number":17,"enemy_id":"ENEMY_FLYING_TOUGH","count":14,"spawn_interval":0.5,"regen":12,"health_multiplier":2.08},{"wave_number":18,"enemy_id":"ENEMY_FAST","count":12,"spawn_interval":0.6,"regen":6,"abilities":["disarm"],"health_multiplier":2.2},{"wave_number":19,"enemy_id":"ENEMY_NORMAL_WEAK_2","count":28,"spawn_interval":0.4,"regen":13,"health_multiplier":9.6,"physical_armor_bonus":5,"magical_armor_bonus":3},{"wave_number":20,"enemy_id":"ENEMY_BOSS","count":1,"spawn_interval":1,"regen":30,"health_override":8500},{"wave_number":21,"enemy_id":"ENEMY_MAGIC_RESIST","count":12,"spawn_interval":0.6,"regen":11,"health_multiplier":6},{"wave_number":22,"enemy_id":"ENEMY_PHYSICAL_RESIST","count":12,"spawn_interval":0.6,"regen":11,"health_multiplier":8.4},{"wave_number":23,"enemy_id":"ENEMY_TOUGH","count":14,"spawn_interval":0.5,"regen":13.6,"abilities":["reactive_armor"],"health_multiplier":9.6},{"wave_number":24,"enemy_id":"ENEMY_FAST","count":14,"spawn_interval":0.5,"regen":21,"abilities":["kraken_shell"],"health_multiplier":12.8},{"wave_number":25,"enemy_id":"ENEMY_FLYING","count":14,"spawn_interval":0.5,"regen":15,"abilities":["untouchable"],"health_multiplier":12.25},{"wave_number":26,"enemy_id":"ENEMY_TOUGH","count":16,"spawn_interval":0.45,"regen":40,"health_multiplier":6}]}
